KOMENTAR,SENTIMEN
Bagus. Salah satu pendekatan antropologi dikenal dengan STRATEGI ADAPTASI.\\n,1
"Terimakasih, saya dapat informasi yg sangat berguna untuk memotivasi diri saya n anak didik, \\usalut atas kebijakan pak Mentri",1
"Terima kasih mahasiswa perwakilan dari Indonesia timur pada umumnya, semoga diskusi ini bisa membawa banyak perubahan yg terjadi di Indonesia timur pada tahun yg akan datang.",1
"bagus mas menteri, saya bangga",1
ide sangat cemerlang n patut didukung oleh semua pihak,1
bagus sih mari dicoba\\t,1
"ayo sukseskan bersama kebijakan kampus merdeka, kebijakan keren nih fokus sama kehidupan pasca kampus nanti",1
"luar biasa cara respon rencana solusi pelaksanaan program ini, Ayo terus mas mentri terus pada program Kampus Merdeka demi membangun n mewujudkan kualitas SDM terbaik utk anak bangsa",1
"Suka bgt sama mba no 3, mewakilkan para anak PTS ğŸ˜‚",1
"ITUlah CARA yg paling baik n BERKWALITAS,  MAJU terus, memang dilatih belajar n bekerja baru boleh TERJUN JADI pekerja yg BERKWALITAS n PROFESIONAL, Karena SEIRING Ada teori serta PRAKTIK belajar BERADAPTASI harus TERLATIH itulah TERCIPTA SDM yg unggul n BERKWALITAS.",1
"KITA akan menjadi leadership yg handal kedepan, itulah generasi yg kita harapkan anin,ğŸ™,",1
Efisien  Efektif professional (piawai )di bidangnya masing masing ğŸ˜ğŸ˜†ğŸ˜€ğŸ™ğŸ‘,1
"KITA mendukung generasi mudanya INDONESIA, menjadi lebih baik n benar kedepannya, majulah terus KITA akan bahagia -ğŸ˜ğŸ˜†sebagai SDM yg kwalitas tinggi ğŸ™ğŸ‘,-",1
"mantap pak menteri pendidikan ğŸ‘,ğŸ˜ğŸ™,-",1
Asik asik ... Anak teknik punya kesempatan nikahin anak ekonomi n bahasa,1
Mungkin jurusan sekretaris nanti jg bakalan laris jd tujuan lintas jurusan wkwkwk,1
"Mas mentri kalo nyalonin jadi presiden, pasti gw pilih. kebijakannya keren",1
"KITA akan menjadi leadership yg handal kedepan, itulah generasi yg kita harapkan anin,ğŸ™,",1
Efisien  Efektif professional (piawai )di bidangnya masing masing ğŸ˜ğŸ˜†ğŸ˜€ğŸ™ğŸ‘,1
"KITA mendukung generasi mudanya INDONESIA, menjadi lebih baik n benar kedepannya, majulah terus KITA akan bahagia -ğŸ˜ğŸ˜†sebagai SDM yg kwalitas tinggi ğŸ™ğŸ‘,-",1
"mantap pak menteri pendidikan ğŸ‘,ğŸ˜ğŸ™,-",1
"keren banget, bangga punya mas mentri sebagai pencetus kebijakan sekeren ini",1
Biar pernah kerja di dunia nyata\\n,1
mantap saya dukung,1
"biar pernah kerja di dunia nyata, selama ini kan jurusan filsafat kuliahnya jarang praktek n ilmunya teoritis",1
"wah keren, pembaruan untuk pendidikan indonesia. wajib didukung",1
makanya program ini bisa sebagai alternatif jikalau cita2 anda tidak terkabulkan (kecuali kalo anda bersikeras),1
"enak banget nih bisa magang bisa riset, banyak pilihan. sukses buat mas mentri",1
wah seru ya\\n,1
Maju terus pendidikan Indonesia\\n,1
bakal seru nih,1
"semangat bakal jadi kebijakan yg sukses, mantap\\n",1
"Di Tunggu Payung Hukumnya, supaya kampus bisa segera menerapkan kebijakan Kampus Merdeka.",1
"terimakasih mas nadiem, kebijakan ini semoga bisa mengubah mahasiswa indonesia jadi lebih bebas",1
"seru nih pasti, keahlian lebih terasah n banyak pengalaman yg didapat saat lulus",1
Mantab,1
Terus berkarya mas menteri. Harapan baru untuk sistem pendidikan yg baru..,1
semoga sistem ini jadi. kita coba paradigma baru.!!!,1
Kementrian tenaga kerja sudah banyak cara membentuk orang yg siap kerja yg harusnya melalui pelatihan pemventukan tenaga kerja yg siap mandiri.,1
Semoga dengan adanya kebijakan ini biaya kuliah d kampus negeri bisa terjangkau oleh anak anak ekonomi kelas bawah UI IPB UGM dll,1
Ini konsep yg baik n semoga bisa dilaksanakan dengan baik juga,1
"Saya mendengarkan keseluruhan diskusi bersama bapak Mentri, inspiratif n memberikan banyak pikiran2 yg luar biasa. Saya optimis dengan kepemimpinan mas Mentri ğŸ˜Š Pendidikan Indonesia Jaya ğŸ˜‰",1
sukses buat mas mentri,1
"KITA akan menjadi leadership yg handal kedepan, itulah generasi yg kita harapkan amin,ğŸ™,",1
Efisien  Efektif professional (piawai )di bidangnya masing masing ğŸ˜ğŸ˜†ğŸ˜€ğŸ™ğŸ‘,1
"KITA mendukung generasi mudanya INDONESIA, menjadi lebih baik n benar kedepannya, majulah terus KITA akan bahagia -ğŸ˜ğŸ˜†sebagai SDM yg kwalitas tinggi ğŸ™ğŸ‘,-",1
"mantap pak menteri pendidikan ğŸ‘,ğŸ˜ğŸ™,-",1
Semoga Indonesia Semakin membaik....\\n,1
Terimakasih Pak Menteri... STIE Mars yg ada di kota kecil bisa ikut Kampus Merdeka..,1
"keren sih, mantap banget. yg penting semuanya ikut dukung\\n",1
Kapan terealisasi pak... kami mahasiswa ipb sangat menunggu....,1
"PembaruanğŸ™‚ğŸ™‚ğŸ™‚ Maju, semangat n kreatifâœï¸âœï¸âœï¸",1
Saya sangat bangga dengan menteri pendidikan n kebudayaan sekarang n saya sangat berharap kepada pak Nadiem n saya yakin bapak orang yg tepat.,1
Bersyukur banget punya mas mentri yg cara berpikirnya 1000 langkah ke depan Ini dia pendidikan setara!,1
"Nah, sy berharap mhs non pendidikan bisa mengambil PPG, semacam AKTA mengajar di PT lain.",1
"bisa bisa ayo sukseskan bersama, ini kebijakan keren loh untuk peningkatan pendidikan ",1
"Luar biasa, angkat topi untuk mas MenteriğŸ™",1
Saya dukung totalitas,1
"Keren program programnya pakğŸ˜ Dengan konsep yg bagus, semoga SDM nya pun dapat Mumpuni, Unggul, eksis di Panggung dunia. ğŸ™",1
Hidup Mahasiswa! Hidup Rakyat Indonesia!,1
"seru nih, yakin akan sukses. pencetusnya saja orang yg luar biasa, ayo kawan kawan jgn buat kesempatan emas ini terbuang sia sia",1
terbaik mentri yg saya kenal... Selaku dosen saya sangat apresiasi kebijakan ini Bagi yg apresiasi juga n pengen kampusnya segera merespon,1
"Terima kasih telah membawa angin segar ke dunia pendidikan. Dari dulu saya enggan kuliah karena tahu gimana kurang apiknya pendidikan di Indonesia, dilihat dari OSPEK aja harus yg aneh aneh. Semoga semuanya berhenti dengan hal hal aneh, n kembali ke hal yg serius gol nya mau kemana. ",1
"bagus, keren banget. ditunggu kabar selanjutnya pak",1
"Memang, pikiran pikiran tidak biasa n segar yg dimiliki mahasiswa n pemuda kita harus terus menerus dibenturkan n dihadapkan dengan persoalan nyata. Betul betul menyegarkan pikiran n semangat saya kembali. Semoga sukses selalu, Mas Menteri!",1
Dengan program ini pasti sukses deh buat para mahasiswa. Karena seimbang antaa teori n praktek nya. Kerenn,1
Luar biasa memberi semangat baru n semangat baru untuk berubah\\n,1
"mantap, bangga jadi rakyat indonesia. pendidikan menuju ke arah lebih baik",1
Kunci menjadi negara maju : Pendidikan!,1
"Ini baru model pendidikan yg inovatif, Semangat berinovasi bung Nadim... Salam Satu Jiwa dari bumi Kampus Merdeka...",1
"Mencerahkan, mencerdaskan, brilian.......",1
"KITA akan menjadi leadership yg handal kedepan, itulah generasi yg kita harapkan anin,ğŸ™,",1
Efisien  Efektif professional (piawai )di bidangnya masing masing ğŸ˜ğŸ˜†ğŸ˜€ğŸ™ğŸ‘,1
"KITA mendukung generasi mudanya INDONESIA, menjadi lebih baik n benar kedepannya, majulah terus KITA akan bahagia -ğŸ˜ğŸ˜†sebagai SDM yg kwalitas tinggi ğŸ™ğŸ‘,-",1
"mantap pak menteri pendidikan ğŸ‘,ğŸ˜ğŸ™,-",1
Mantap,1
Cerdas... Mas nadiem menguasai semua permasalahan pendidikan di Indonesia disemua lini n beliau memiliki solusi cerdas tingkat internasional... Mendobrak sistem lama yg kuno dengan perubahan zaman saat ini yg begitu cepat...,1
Luar biasa. Saya setuju sekali 3smester akhir mhasiswa kkn di daerah seluruh indonesia. Ga perlu di ragukan lagi. Ini salah satu solusi memajukan bangsa. Semangat pak nadiem,1
"wah keren, akan luar biasa",1
"bagus ya cahaya baru untuk bangsaku, semangat mas nadiem",1
"saya mahasiswa teknik sangat setuju dengan program ini, semangat Bapak MendikbudğŸ’ª",1
luar biasa mas nadiem,1
"Semoga Pak Nadiem Makarim Menteri Pendidikan sukses n inovasi pendidikan yg merata sampai pelosok daerah, Aamiin. ",1
Terima kasih. Semoga makin semangat berkarya.,1
"Sebenarnya Indonesia banyak orang pintar seperti bpk Nadiem tpi dulu presiden mmg tdk mau memakai orang pinter, yg di pakai hanya orang pinter untuk korupsi doang, hanya bpk Presiden Jokowi yg berani mengambil orang jenius n benar pintar, bukan pintar politik busuk seperti Fadli zonk",1
Mendikbud terkeren.,1
"semoga nnti meniru yg di India , taklukan dunia , membangun koneksi ke global",1
ini kebijakan keren n harus didukung secara penuh menurut saya,1
Baik Mas mentri.. kita kerahkan sumber daya yg ada.\\n,1
dukung selalu,1
"Gini nih baru kuliah memang baik, bukan 4 tahun ga jelas cuma 1 ilmu aja.",1
MANTAB MAS MENTERI.... Cara Berfikir REVOLUSIONER ğŸ‘ğŸ¤²ğŸ™ğŸ» SEMOGA INDONESIA AKAN BERJAYA DI 2035,1
"KITA akan menjadi leadership yg handal kedepan, itulah generasi yg kita harapkan anin,ğŸ™,",1
Efisien  Efektif professional (piawai )di bidangnya masing masing ğŸ˜ğŸ˜†ğŸ˜€ğŸ™ğŸ‘,1
"KITA mendukung generasi mudanya INDONESIA, menjadi lebih baik n benar kedepannya, majulah terus KITA akan bahagia -ğŸ˜ğŸ˜†sebagai SDM yg kwalitas tinggi ğŸ™ğŸ‘,-",1
"mantap pak menteri pendidikan ğŸ‘,ğŸ˜ğŸ™,-",1
"Aturan barunya bagus pak nadiem, temen2 dosen banyak yg seneng. ",1
JOSS... Pak menteri membawa angin segar,1
"KITA akan menjadi leadership yg handal kedepan, itulah generasi yg kita harapkan anin,ğŸ™,",1
Efisien  Efektif professional (piawai )di bidangnya masing masing ğŸ˜ğŸ˜†ğŸ˜€ğŸ™ğŸ‘,1
"KITA mendukung generasi mudanya INDONESIA, menjadi lebih baik n benar kedepannya, majulah terus KITA akan bahagia -ğŸ˜ğŸ˜†sebagai SDM yg kwalitas tinggi ğŸ™ğŸ‘,-",1
"mantap pak menteri pendidikan ğŸ‘,ğŸ˜ğŸ™,-",1
"Bener bener,, menteri pendidikannya brilian,,, selama ini menteri pendidikannya sll berusaha tua jadi tdk ada perkembangan pendidikan Yg signifikan,,, ini Demi masa depan generasi kita,, pemikiran sangat brilian menteri pendidikannya",1
"Yeah saya setuju, pas banget pak saya mau pkm",1
semangat kuliah jadinya,1
"DI era Pak Nadiem, mahasiswa/ pelajar benar-benar jadi prioritas\\n",1
Ide brilian mendikbud!,1
"Melihat Program Kampus merdeka, hati ini haru,  majulah Indonesia ku\\n",1
Terdengar inovatif n menjanjikan Mas Mentri! Semoga terlaksana secepatnya,1
Mantap aku sangat setuju pak ğŸ‘,1
sudah harus ditingkatkan sistem pendidikan kita. MANTAP KALI PENJELASANNYA ! SEMOGA NKRI CEPAT MAJU KARNA GENERASINYA MILITAN !,1
"cemerlang Bro benar2 BIJAKSANA Bro sistem nya super BERKWALITAS , ini era teknologi canggih era digital, era anak2 muda CERDAS MILENIAL NKRI BANGKIT MAJU terus, perubahan yg BERKWALITAS. PUSING KEPALA sekolah yg tidak  MAMPU Dibidang teknologi canggih kebingungan, Karena mengejar kemajuan yg harus cepat tepat n BERKWALITAS KARENA target nya harus transparansi Mampu BERSAING BERKOMPETISI dengan dunia global.",1
jujur saya senang sekali dg dunia Akademik yg sayangnya saya udah lepas dari status Mahasiswa.. saya cuma berpesan ke pak menteri utk membuat pembelajaran seumur hidup apalagi di era disruptif seperti saat ini..,1
"Presentasi yg sangat menarik. Kebijakan kebijakan yg sangat menggiurkan pemikiran progresif Pak Nadiem demi kemajuan pendidikan Indonesia. Mendengarnya saya optimis, semoga gayung bersambut dengan upaya upaya riil di lapangan.",1
Senang mendapat peneguhan mas menteri.,1
"Saya sangat antusias mengenai inovasi baru, semoga melalui kemerdekaan ini saya bisa mendeklarasikan ttg inovasi tersebut, demi utk kemajuan bgsa khususnya bidg kesehatan,,, amin",1
"Sdh 74 tahun merdeka, baru ini yg jelas mentri Pendidikan, ğŸ˜‚ğŸ˜‚ğŸ˜‚ğŸ˜‚ğŸ˜‚ğŸ˜‚ğŸ˜‚ğŸ˜‚ğŸ˜‚ğŸ˜‚ğŸ˜‚",1
Mantap Pak Nadiem\\n,1
Luar biasa. Keren..,1
program luar biasa Pak Nadiem. Semoga lancar\\n,1
lanjutkan\\n,1
"cerdik banget, mantap betul! Semoga kolaborasinya menghasilkan karya nyata untuk percepatan kemajuan masyarakat ya, Aamiin",1
Terimakasih Mas Menteri ğŸ‘ğŸ‘ğŸ‘ğŸ‘,1
Maju terus Kemendikbud semoga kebijakan ini dapat berjalan dengan baik n hasilnya seperti yg diharapkan. Hidup mahasiswa! hidup rakyat Indonesia!,1
"keren mas menteri, saya sangat mendukung n semoga semunya juga mendukung menuju Indonesia Maju.",1
gebrakan teruss.. semangat pak,1
oke berangkat,1
"ini baru disrupsi dalam dunia pendidikan. kami dukung langkahmu, Mas Menteri!",1
eh  hebat gitu  alhamdulillah ada mentri kayak gini,1
Inti suatu riset kan memberikan dampak sosial n penyelesaian masalah seperti yg di katakan pak mentri.,1
"Bisa riset, pengabdian masyarakat, projek bersama dosen, dsb.  Boleh juga 100% di dalam prodi mengambil matakuliah. Kalo teman teman ilmu murni ingin memperdalam ilmunya pada prodi tersebut, ya boleh aja. Misal 3 semester ambil penelitian, atau 1 semester ambil mata kuliah, 2 semester ambil penelitian. Gak masalah",1
Istimewahhhhhh... majulah indonesia kita....,1
"Keren... apalagi jika channel youtube mendikbud sering upload video2 hasil karya mahasiswa (kkn, pkl, dll) supaya mhs terinspirasi n menciptakan kolaborasi dlm membangun bangsa. Indonesia Maju!",1
Menteri pendidikan ya bgini ini TOP.,1
"kebijakanya selalu joss, buka serta terus merdekakan para pelajar hehe",1
mentri termuda  n pintar yg mikir mhs ke depan nya,1
mantap,1
Terobos yg luar biasa... maju terus kerja Nyata Mas Menteri Milenial..,1
sangat setuju n akan saya dukung secara total,1
keren pak,1
"Pak nadiem, sangat bagus kebijakannya. ",1
baik pak saya siap melaksanakan kebijakannya,1
Justru kenapa mahasiswa matematika perlu belajar biologi agar mengerti kalau tiap rumpun ilmu itu berhubungan,1
wah istimewa emang nadiem ku,1
"Mantap, lanjutkan",1
MENTRI yg tugas sehari harinya ....administrasi SEKARANG bertambah JUGA MENJADI MOTIVATOR ...,1
Mantap,1
Saya sangat setuju,1
Benar pak,1
berangkat,1
berjuang terus kawan,1
wah,1
ikut pak,1
setuju,1
sukseskan kampus merdeka,1
ikut,1
berangkat,1
berangkat,1
Semangat,1
Luar biasa... mari kita coba....,1
Filsafat gotong royong diterjemahkan mas Nadiem dgn baik. Luar biasa.,1
Kebebasan kuliah. Kebebasan. Beri kesempatan.,1
"Iya, bagus tuh, semoga bisa kayak gitu ke depannya, karena ini baru pembuka kebijakan yg akan hadir selqnjutnya. ",1
Mantap.. Mentri Mentri pak Jokowi sekarang... jago,1
Hebat pak Nadiem. Kebijakan luar biasa. Standar akreditasi jgn monolitik.,1
saya setuju mhs harus dibekali seperti itu,1
"salut kpd mendikbud, oke2 saja. ",1
hebat banget sih,1
Luar biasa..,1
"Luar biasa, maju terus Mas Mentri ğŸ‘",1
"Harapan besar d periode pak menteri menjadikan pendidikan di Indonesia maju lebih baik , sehat selalu pak",1
Pengen balik kampus kalo gini. Rasanya bakal banyak sekali yg bisa dilakukan dengan kebijakan ini. Terutama poin ke 3.,1
asyik nih,1
Semoga warga kampus segera sejalan dg pemikiran mas menteri..,1
"aamiin, mudah - mudahan dunia pendidikan kita biasa lebih cepat di bandingkan sebelumnya,",1
ide cemerlang yg perlu didukung n keluar dari zona nyaman,1
"Mantap mas mentri, Indonesia butuh talenta hebat yg memberikan lompatan jauh bangsa ini keluar dari zona nyaman menuju era baru yg luar biasa majunya",1
Menteri Pendidikan yg pernah dipunyai Indonesia terkeren!,1
semangat mentriku,1
"Konsepnya bagus, walau masih dalam tataran ide ",1
"luar biasa bang nadiem, bisa banget bikin kagum",1
Parah keren Mas menteri! Optimis sama Kebijakan - Kebijakan baru ini!,1
wah,1
Keren.,1
KerenğŸ‘ğŸ‘ğŸ‘ğŸ‘,1
"MAJU TERUS DOSEN MILENIAL DALAM MENDONGKRAK PERSAINGAN GLOBAL , BERKOLABORASILAH DENGAN SENIOR, n RANGKUL LAH PARA MAHASISWA LAYAKNYA MENDORONG ANAK UNTUK MAJUğŸ˜˜",1
yuk kita sukseskan kampus merdeka,1
"inovatif banget mas nadiem, tercinta",1
Memang mas mentri ini top markotop,1
makanya perlu disyukuri saat ini ada mentri pendobrak kemajuan pendidikan,1
"Gotong royong n kolaborasi dengan Pemda, Dunia Usaha n NGO.",1
mantap,1
Maantaapp,1
Bismillah!,1
"Satu kata... keren, lanjutkan",1
"Keren pak Menteri, lanjutkan",1
"Jokowi memilih mendikbud yg tepat, maju terus mas menteri. ",1
mantappp,1
mantap,1
"saya percaya dengan nadiem, kebijakan yg jos. pasti keren hasilnya",1
Brarti banyak manfaatnya,1
Kongkrit,1
"Semakin terjun kebawah, semakin bergerak perubahan dengan cepat",1
Serasa mendapat udara segar pendidikan ğŸ˜,1
oke saya setuju,1
Hidup mahasiswa.,1
komen ke dua......... lanjutkan demi kebaikan bangsa anak cucu kita juga yg menikmatinya,1
"Baru kali ini aku dengar mendikbud, bahas masalah Prodi.",1
"Ada benarnya jg, satu disiplin ilmu akan menghasilkan perenang yg sempit.",1
Makanya kita perlu mnguasai beberapa bidang ilmu yg lain. Dunia kerja skrng beberapa bidang ilmu di gabungkan jadi satu n saling bersinergi,1
maka dari itu Mendikbud meluncurkan program ini. Mhs diberi opsi utk menambah pengalaman n wawasan di lautan luas.,1
Harus gitu.. Mentri harus tau semua di kementriannya..,1
"Semoga cepat disahkan ,, aminğŸ™",1
"Saya cukup setuju dengan rencana penerapan sistem magang 3 semester Pak Nadiem. Karena di dunia kerja modern saat ini perusahaan cenderung mencari para lulusan2 yg siap pakai di dunia kerja. n salah satu cara untuk membuat para lulusan pt (sarjana) dapat dipakai di dunia kerja modern adalah pengalaman kerja, dimana hal tersebut dapat diperoleh melalui magang.",1
"Bikin gak bosen jg,",1
"tidak diragukan lagi, memang keren",1
Magang 1Â½ tahun ide yg bagus buat perusahaan gak perlu pake masa percobaan karena harus gaji UMR cukup pake tenaga mahasiswa magang tinggal kasih makan sama ongkos ğŸ˜,1
"Semoga mulai tahun ajaran ini ya, Mas Nadiem.",1
"Betul, praktek lebih baik dari pada teori",1
Harusnya program pak nadiem ini bisa d terapkan.,1
Nadiem Makarim adalah anak muda yg sukses jadi sudah pasti dia lebih tau bagaimana caranya membuat anak muda sukses.....,1
wah terobosan,1
Setuju sama program pak Nadiem,1
mantap,1
mantap,1
Nahh gitu donk,1
Magang itu menyenangkan buat saya yg hobi kerja Terimakasih modul yg telah membuat saya depresi di usia muda,1
Menurut sya itu bagus 3 semester magang akan sangat bnyak ilmu nyata yg didapat ketimbang baca buku hanya dapat teori saja setelah magang 3 semester mahasiswa mampu membuat sebuah teori n mencocokkan teori yg sudah ada sebelumnya mantap mas nadiem makarim gak salah mendikbud kita ini,1
Baru kali ini ada pemimpin kaya ini di kependidikan,1
lah ini yg gua tunggu praktek langsung lewat magang langsung diaplikasikan mas menteri.,1
"SANGAT SETUJU, TERUTAMA UNTUK MEMAHAMI LINTAS ILMU DENGAN PARADIGMA TERKAIT DASAR ILMUNYA.",1
Setuju.. gw pengen bisa magang.. Biar tau kerja tuh gmn.. yg penting itu adalah dunia kerja nanti udh sampe akhir hayat.. Bukannya kuliah malah kyk balik sekolah lg.. Belajar duduk di kelas aja terus tiap hari...,1
Sangat setuju,1
Setuju...,1
Setuju banget,1
"Setuju, Setuju ...",1
"saya kira semua orang akan setuju UNTUK MENGUASAI 1 BIDANG ILMU , MAHASISWA HARUS MENGERTI 4 BIDANG ILMU DI LUAR ILMU YG DIGELUTINYA... Cth .. Mhswa Teknik Sipil , Dia harus menguasai : 1. Manajemen  2. Psikology 3. Kimia  4. Agama.. Dst , dst , dst ... boleh ilmu2 yg lain minimal 4 ilmu di luar disiplin ilmu nya KARENA DI DUNIA KERJA ke 4 ilmu itu pasti dipake di dunia teknik sipil ... atau suatu saat ingin banting stir dia bisa siap sedia",1
Setuju aku kalo ada magang,1
revoluisioner semoga sukses,1
"setuju sekali, biar anak kuliah lbh siap kerja.",1
ya setujulah dengan kebijakan seperti ini semoga bisa terwujud,1
"Alhamdulillah, selalu mikir gimana caranya supaya bisa magang n dapat pengalaman kerja untuk CV nanti. ",1
"Setuju, Akhirnya gw buat tujuan buat seringin aktivitas eksternal kyk liputan sampe 20 kali.",1
"Mantab, magangnya 3 semester utk persiapan dunia kerja,",1
Ide bagus pak,1
keren,1
Bagus banget gue setuju,1
Bagus nih pak program nya semoga cepat direalisaskkan,1
SETUJU. Karna satu semester dirasa kurang untuk menunjang keahlian dalam bidang masing masing pada dunia kerja.,1
Sy percaya dgn apapun masukan dr nadiem. Sy percaya nadiem lebih paham masa depan.,1
harus didukung,1
"Ya Allah, akhir nya pak, knp ga dr dulu. Gw SANGAT SETUJU, kenapa ?Supaya mahasiswa ga kaget ketika awalÂ² masuk dunia kerja. Lah gw magang dulu cuman 3 bulan doang, begitu dah lulus, tetep aja sedikit canggung.ğŸ‘",1
"SETUJU PAK, SAYA SEBAGAI MAHASISWA TIDAK KEBERATAN",1
bangga,1
Ada benernya biar gak kaget krn dunia kuliah beda jauh dg dunia kerja,1
"Ini keren Pak,  semoga terealisasi.. ğŸ˜ğŸ˜",1
Saya sebagai mahasiswa setuju banget dengan adanya ini semua,1
Gue demen nih,1
"Saya setuju, biar mahasiswa gak cuma jago bacod.",1
Bisa jadi peluang kerja kalo perusahaan cocok sama mahasiswa yg magang langsung deh dipesan pas udah lulus,1
gue bangga banget jadi rakyat indo,1
"Setuju, karena saya merasa kurang kerja praktek di suzuki hanya 1 bulan. Masih banyak ilmu teknik yg bisa saya gali kalo saya bisa lebih lama disana dibanding di perkuliahan.",1
wah mantap pak nadiem,1
"nadiem gokil,,,",1
Setuju.,1
semoga lancar,1
magang yuk biar siap kerja,1
setuju setuju aja,1
Keren programnya.Sukses selalu pak Nadiem.,1
"Setuju lah, ",1
gue yakin semua perlu merasakan magang sih,1
Benar sekali mas,1
Mantab. Biar mahasiswa nggak belajar teori doang n nol kemampuan yg memang sudah menjadi penyakit universitas dr tahun Indonesia merdeka,1
Setuju pak...,1
magang yg sesungguhnya,1
Alhamdulilah,1
Belajar langsung praktek itu metode belajar yg efektif...,1
Kalo opsional bagus,1
semangat semoga terlaksana,1
mantap ditambah 1 semester lagi ğŸ˜ğŸ‘,1
Saya setuju ni sama bapak,1
"gue cukup merasakan perubahan signifikan kayak bagaimana bekerja profesional, komunikasi, manajemen waktu, dll.",1
"Pas merasa jadi mahasiswa akhir, iya sih setuju bangetğŸ˜­",1
Bagus.. sangat praktikal.. setuju 100%,1
alhamdulillah semangat pak\\n,1
Kalo ngambil mata kuliah di luar program studi itu di sudah diterapkan (minimal)  di salah satu kampus negeri.,1
Cerdas...\\n,1
Lanjutkan\\n,1
Setuju... biar merasakan bagaimana diinjak2 orang saat kerja,1
Setuju\\n,1
"Setuju, tp tolong juga diperhatikan hak-hak mahasiswa sebagai manusia, apresiasi dr perusahaan n kampus hrs berimbang.",1
mantap,1
"Setuju banget, jgn dikasihnya cma materi terus tpi prakteknya dibanyakin!!",1
Setuju pak n sistem laporanya jelas biar tau,1
gaya seperti ini adalah hal yg bagus untuk pendidikan di indonesia. ada pembaruan metode pembelajaran,1
"saya si setuju saja, apalagi saya sebagai mahasiswa teknik yg bukan hanya membutuhkan pengetahuan tetapi juga pengalaman n memperdalam kemampuanğŸ’ª",1
setuju pak. saya teknik mesin kalau cuma magang 1-3 bulan ilmunya belum dapat pak.,1
SETUJU BANYAKIN PRAKTEK n harus ada opsi jika praktek kerja d instansi jika mahasiswa nya ke pake ada opsi untuk menjadi karyawan perusahaan trsbt atas persetujuan kedua belah pihak agar ketika mahasiswa lulus kuliah ada yg menunggu perusahan d luar sana untuk menjadi karyawannya,1
Setuju pak.. kalau dikasih fasilitas malah seneng,1
"Magang Tiga Semester Setelah Magang Dapat Sertifikat pengalaman Kerja, Biar selesai kuliah modal ijasah n Pengalaman Kerja Jadi Pegangan Kuat Untuk mudah mencari kerja. Magang Juga Sebagai Modal Untuk mengasah kemampuan dalam berwirausaha.",1
Gue sih setuju sama programmnya;),1
"Magang tidak harus di perusahaan, tetapi juga kementerian, NGO, lembaga riset atau penerbit (sejarah, sosiologi, sastra bisa masuk)",1
"Bener nih bagus, jd buat lulusan nantinya dah memenuhi min 1 tahun pengalaman kerja dibidangnya ğŸ˜‚ğŸ˜‚ğŸ˜‚ğŸ˜‚, pas gw cmn 2 bulan njir ğŸ˜‚ğŸ˜‚ğŸ˜‚ğŸ˜‚",1
"Saya cukup setuju, apalagi saya berada di fakultas pendidikan yg nntinya bakal magang di sekolah2, ",1
Saya setuju magang dikembalikan seperti dulu yaitu 3 bulan setidaknya.. Malah merepotkan sekolah yg menerima mrk.. juga membingungkan siswa.. ga efektif..,1
"Stuju! Kita ni mahasiswa tua yg mau lulus aja bingung mau kerja dimna, lanjut sesuai jurusan atau engga jdi g ada bayangannya.. Program studi magang juga cuma 1 bulan kurang, enggak mewakili lah cuma 1 bulan mah",1
sukses programnya pak\\n,1
ayo lakukan perubahan,1
Untung aja gue udah siap magang\\n,1
wah ini pasti sukses sih\\n,1
Setuju pak.,1
Asik\\n,1
Setuju saya pak,1
"Mantap, ga ush lama lama belajar teori lagi mhs mah, langsung eksekusi n magang biar bisa tau potensi kita gmn",1
Asli enk gini\\n,1
"Setuju sih Saya Pak,",1
stuju pake bgt sudah seharusnyaa indonesia mencetak sarjana yg sesungguhnya  kita kejar negara&; maju  mari kita tunjukan INDONESIA di mata DUNIA,1
Sangat setuju pak mentri\\n,1
Setuju... Pengalaman harus seimbang dengan teori. Supaya teorinya bisa diaplikasiin (aplikatif).,1
gua suka bgt sama cara berpikirnya nadiem,1
Nah setuju apalagi untuk mahasiswa keguruan. Magang 3 bulan di sekolah rasanya hanya numpang lewat doang,1
kapan diterapkan? trus mahasiswa yg sudah semester atas apa diberlakukan jg? jujur pengen ngerasain kebijakan ini :v,1
Hampir mirip dengan metode yg sedang saya coba sekarang. keren,1
setuju sih pak,1
"setuju nih, gw selama jadi mahasiswa ga pernah magang :( jadi canggung mau cari kerja",1
mantap lancar deh\\n,1
"Setuju pak, berarti gaji  dosen meningkat",1
Iya pak bener banget,1
Klo ini bkrj sama dg kementrian tenaga kerja pasti bagus,1
bisa menambah pengalaman sehingga mahasiswa tidak kaget dengan dunia kerja ketika setelah lulus.,1
mantap,1
Kl menurut gw bener sih,1
Selain mengetahui teori mahasiswa juga harus mengetahui fenomena lapangan sesuai disiplin ilmunya,1
"Program yg sangat bagus, ",1
serius ini keren,1
Bener banget bro. Banyak hal baik yg kita dapat saat berada di dunia kerja.,1
keren parah,1
Indonesia butuh perubahan yg cepat Kalau maju masa depan akan terlihat,1
Setuju,1
"enak dong, keluar dari kampus udah bukan lulusan baru tp udah punya pengalaman 1 tahun",1
"Setuju sekali, mantap mas mentri",1
"Keren, biar mereka ngerti dunia kerja tu kyk gimana, b",1
"Setuju pak, kuliah sekarang kebanyakan teorinya, ",1
keren mas mentri,1
"100% setuju, biar siap tempur dilapangan.",1
"stuju.. kuliah hrus memperbanyak Praktek, bkn Teori",1
padahal dampaknya bagus loh apakah DPR tu anti perubahan ya ?,1
Boleh. sangat setuju,1
jadi emang magang lebih dari 1 tahun biar pas lulus udah ada pengalaman kerja,1
Setuju,1
"Memang, sistem pendidikan di Indonesia harus dirombak ke arah yg lebih baik",1
"Kalau saya sih setuju banget pak, menambah ilmu n keahlian kita di bidang lain, ",1
Ane dulu waktu SMK magang 1 semester n alhamdulillah perbulan dpt uang transport dari tmpt magang.. :),1
"Saya mahasiswa SCM magang 1 tahun 3 bulan, setelah magang dpt surprise dr bos wkwk",1
"Ya, sebenernya itu biasa aja. Toh, universitas swasta justru mewajibkan magang. Ya mungkin takut kalah juga sih sama universitas negeri yg punya nama. tp menurut saya, mahasiswa indonesia ini harus menumbuhkan nilai nilai filosofis, kayak pendidikan jerman yg bertumpu pada sistem pendidikan yg berdasar  dari von Humboldt. Jadi ga diragukan lagi sistem pendidikan yg baik.",1
Setuju. Kalo bisa pak Teorinya cukup 20%  n 80%nya praktek.,1
sukseskan kampus merdeka,1
"gebrakan lain masih ditunggu, semangat pak",1
Setuju pak. Saya sendiri sebagai mahasiswa aktif sekarang ini kebijakan ini menurut saya sangat benar.,1
semangat mas menteri,1
kadang di dunia pekerjaan teoritis berbeda dengan praktik. Saya anak hukum sudah lihat itu di dunia pengacara,1
belajar praktik itu perlu,1
"Sama, aku setuju si sm pak nadiem",1
thx infonya,1
menurut saya magangnya bisa berupa mengembangkan bisnisnya,1
Bisa bisa! n saya setuju jika kebijakan ini dilakukan sehingga ketika lulus sudah ada pekerjaan.,1
yuk magang,1
kebijakan bagus nih,1
"banyak alternatif dari kebijakan ini kok, ayo didukung",1
"kalo semua jurusan wajib, itu baru mantap",1
"gagasan bagus, orisinil",1
mantap deh,1
Setuju banget gak cuma materi tpi harus kerja nyata di lapanganğŸ‘ŒğŸ‘ŒğŸ‘Œ,1
Setuju pak.. bapak mewakili kami yg pernah jadi mahasiswa.,1
"memang seharusnya dari dulu mahasiswa Indonesia harus lebih digembor sih tentang praktikum mau apapun itu jenis perguruan tingginya, semoga dengan adanya gebrakan dari Kementerian pendidikan kita, semoga Indonesia menjadi baik.",1
Nah ini keren,1
Ini setuju banget magang itu membuka wawasan bagi mana rasanya kerja.,1
Setuju pake banget. teori perbanyak peraktek.,1
Untung aku masih SMP bentar lagi SMA,1
"tenang, hasilnya pasti mantap di tangan nadiem",1
Setuju banget....memang beda kalo yg berinisiatif itu orang yg cerdas,1
"Betul, inilah pemikiran kaum muda yg tak pernah dipikirkan oleh menteri sebelum nya, nggak tau dia ngerjain apa sampai dipecat .",1
"Merdeka,  millenial jga hrus berpendapat...",1
Setuju. Krn kuliah aja teori doang dapat nilai bagus belom tentu praktiknya bagus juga. Pengalaman kerja sangat sangat sangat dibutuhkan,1
benar mas kadang  kebanyakan kurikulum di pendidikan kuliah itu sudah ketinggalan sama yg di butuhkan industri  Dengan cara memperpanjang masa magang bakal membantu mahasiswa banget dalam mempelajari ilmu ilmu baru yg relevan dengan industri,1
"Bagus sih, ",1
Mari Kita dukung biar semua tambah semngat beljar menghilangkan kebodohan yg Ada  di jaman akhir ini,1
ayo magang,1
yuk semangat,1
"kalau ngerjainnya bukan sekadar lulus, bisa jadi berguna banget dijadikan langkah awal untuk penelitian lebih lanjut.",1
Mahasiswa mw magang atw tidak silahkan. Intinya universitas harus memberikan 3 semester untuk mahasiswa yg mw magang,1
saya akan dukung kebijakan ini,1
"baik, Nah opsi2 ini bisa menjadi alternatif di masa mendatang.",1
"kalo udah fix, seneng banget gw ğŸ˜„ğŸ˜„ğŸ˜„ğŸ˜„ğŸ˜„ğŸ˜„ğŸ˜„ğŸ˜„ğŸ˜„",1
"Mudahan segera terealisasi,ğŸ˜¡",1
Amin kan ğŸ˜‚,1
dukungan untuk kebijakan luar biasa,1
"Sebenarnya internship bagi mahasiswa politeknik/ vokasi sudah bukan hal yg baru lagi di indonesia, tp gagasan ini memang keren",1
Kayaknya sih buat yg mau doang supaya lebih siap di dunia kerja.,1
Ngk papa lama lulus tp nyata sudah dapat kerja.,1
"Detailnya disitu temen2 semua, tidak terbatas pada magang di perusahaan/ instansi saja kok. Bisa wirausaha, kuliah lintas disiplin, dll",1
Jadi mahasiswa keren,1
"Setuju, sehingga mahasiswa punya pengalaman, wadah aap yg akan dia lakukan kelak. Sesuai keinginannya.",1
Mantul,1
"Lah iya , saya di Jerman ,intern udah bisa dari semester 4 (kalo mau). Saya kerja sampingan kuliah + intern = keblinger",1
"Semangat ya, hebat, bisa buat contoh untuk yg lain",1
memang gitu bro jdi mohon doa nya semoga terealisasi,1
"Tapi buktinya jerman punya kualitas pendidikan yg bagus juga, berarti selama ini mereka emg bagus kebijakannya",1
"Iya bro gw dulu kul di australia juga gitu, kerja sambilan + intern + studi, bener2 penuh ğŸ¤£ğŸ¤£. Hasilnya ya syukurlah udah mulai kerasa ğŸ˜",1
ikutan aja lah,1
Setuju sekali,1
Salam dari saya mahasiswa semester 12 bang. Tetap semangat ğŸ™ŒğŸ»,1
Tau khdupan krja Biar lega magang kalo bs dapet ilmu sebanyak banyaknya..,1
bisa jadiğŸ‘ğŸ‘ğŸ‘,1
Luar biasa ..... tajam n terarah,1
"Indonesia makin luar biasa keren ,  ayo bersatu biar negara tetangga pada keok kalau kita kuat ",1
Luar biasa ..... tajam n terarah,1
Luar biasa ..... tajam n terarah,1
MERDEKA belajar kolaborasi ini bisa menyatukan nusantara wawasan nusantara mulai dr sabang sampai. meraukE ...dimungkinkan adanya kolaborasi yg nyata..,1
Inilah menteri yg betul2 punya visi ke depan untuk SDM indonesia unggul Hebat karena di indonesia ini masih banyak gelandangan politik n ekonomi berkeliaran yg tidak menginginkan indonesia melompat tiga langkah ... Selamat pak nadiem ... semoga ini menjadi kunci,1
Mas  Mendikbud memang joss.. transparansi penggunaan dana BOS..,1
Anak muda yg menguasai ilmu bukan hanya teori tp udh dipraktekkan secara nyata,1
"KITA akan menjadi leadership yg handal kedepan, itulah generasi yg kita harapkan anin,ğŸ™,",1
Efisien  Efektif professional (piawai )di bidangnya masing masing ğŸ˜ğŸ˜†ğŸ˜€ğŸ™ğŸ‘,1
"KITA mendukung generasi mudanya INDONESIA, menjadi lebih baik n benar kedepannya, majulah terus KITA akan bahagia -ğŸ˜ğŸ˜†sebagai SDM yg kwalitas tinggi ğŸ™ğŸ‘,-",1
"mantap pak menteri pendidikan ğŸ‘,ğŸ˜ğŸ™,-",1
Semoga Pendidikan di Indonesia semakin maju n mampu bersaing di dunia,1
MANTAB MAS... Inovasi hanya bisa dilakukan jika ruang gerak tidak dibatasi (2.45)... Smg para mahasiswa lebih merdeka dalam berkreasi... Sukses selalu.,1
"Anjir, keren cui, sumpah dah ini mah keren abis. Kalau dulu wan aibon kayak gini, gak mungkin dah sampai dibuang",1
Presentasi yg membangunkan pola pikir yg selama ini tertidurâ€¦,1
Semoga niat baik bapak menteri di mudahkan ya aamiin,1
"Sebagai calon mahasiswa, saya sangat antusias dengan program yg di presentasikan bapak mentri",1
semoga bisa merubah dunia Pendidikan agar menjadi lebih baik.....,1
"mantap, S1 nya sudah model manajemen pelatihan. butuh 1 dekade  bahkan lebih untuk melihat hasil perencanaan ini",1
"baru kali ini gw semangat n sengaja nontonin video dari channel kementrian wkwk . .. pembawaannya yg bagus, sederhana, n berbobot seperti INI",1
Hidup Merdeka Belajar,1
mas Nadiem sungguh inspirator yg hebat. kami menunggu ide jenus selanjutnya.,1
Terharu banget liat akhirnya.  Selamat bekerja Pak Nadiem!,1
"keren, sangat setuju, saya dosen .... sangat mendukung.... minta bimbingan nya pak mentri",1
Bagus sekali.. kebijakan ini hrus terus berlanjut.. .. Salut buat Mendikbud..,1
Ini sih keren asli.,1
pembaruan untuk indonesia,1
Gile sih nih menteri visioner banget...  panutan deh menteri terbaik satu ini...,1
Ini baru pejabat KEREN!,1
Luar biasa,1
keren,1
"keren pak, sangat setuju. sukses ",1
"Akhirnya S1 bisa seseru ini, semoga programnya terlaksana ğŸ‘ğŸ‘ğŸ‘",1
dunia kerja sudah tidak butuh ijazah..... nah loh................... kampus harus mengikuti zaman jika tidak ingin mati.....,1
wah keren ...  Jadi pengen kuliah lagi ...,1
Mas Mentri.. memang orang cerdas.. dunia pendidikan indonesia sangat butuh inovasi!!!  sudah waktunya Indonesia Berubah..,1
"Kebijakan mas Menteri ini menjawab konteks sekarang yg serba cepat, ",1
"bagus sekali pak, terobosan terbaru yg membuat Indonesia makin bersinar",1
Hormat kami untuk mendikbud,1
Mantap tegas lugas berbobot,1
selalu cerdas,1
"semoga pendidikan di indonesia makin maju di bawah kepemimpinan Mas Nadiem,,",1
Mantap pak nadim ğŸ‘ğŸ‘ğŸ‘,1
Semangat pak nadim ğŸ˜ŠğŸ’ªğŸ’ªğŸ‘,1
Inovasilah yg menjadi penggerak utama untuk menjadikan bangsa ini menjadi lebih maju.,1
Bagus parah! Semoga terlaksana dengan baik sehingga pendidikan Indonesia bisa semakin mendunia.,1
Maju terus mas Nadiem untuk membenahi pendidikan Indonesia!,1
"Saya mendukung program2 pa mentri, optimis indonesia majuğŸ‘",1
Sebagai dosen millenial saya merinding mendengarkan pemaparan inovasi ini. keren,1
"Gagasan bagus, semoga tercapai! ğŸ‘Œ",1
"Ntaps nambah ilmu n pengatahuan , makasi mas kemendikbud",1
Bismillah merdeka belajar,1
Gak salah Jokowi ambil Mas Makarim jadi Mendikbud...,1
semoga kebijakan yg direncanakan dapat mendapat apresiasi pihak kampus. Kebijakannya sangat luar biasa,1
Ini baru yg namanya kebijakan,1
"Aku seorang Guru yg mencintai dunia Pendidikan, tp setelah mendengar Mas Menteri Nadiem aku jadi Tambah Mencintai Pendidikan.",1
Ini mentri yg kerja nyata jg. Gak kyk mentri sebelumnya..,1
"Penjelasan beliau bisa dinikmati semua kalangan. Istilah -istilah seperti prodi, akreditasi dijelaskan dengan bahasa sederhana. Semoga pendidikan di Indonesia semakin maju.",1
berbobot,1
"Semoga terus Semangat n beruntung, jgn sia sia kan kesempatan Emas ini yaa Kak..",1
"Ini baru namanya presentasi, slide nya bagus, isinya jelas, n tujuannya ada. Bukan salin dr dokumen... top mas menteri",1
Setuju cok,1
Wow ini presentasi yg baik n bagus sekali buat pendidikan indonesia,1
merdeka,1
Ya allah berikanlah umur yg panjang n keberkahan untuk hidupnya mas menteri ini..,1
selalu keren,1
ayo semangat semuanya berkolaborasi,1
"Kebijakan nya keren sekali, mahasiswa akan siap pakai di lapangan pekerjaan. ",1
Keren binus selangkah lebih maju ğŸ‘ğŸ‘ğŸ‘,1
Semoga semangat ini diiringi dengan kejernihan pikiran n integritas para pelaku yg terlibat,1
Majukan kesejahteraan umum n mencerdaskan kehidupan Bangsa. Setiap warga Negara berhak mendapatkan pendidikan yg merata  n juga mendapat jaminan kepada Negara.,1
"mantab ini... coba dari dulu udah ada program begitu, kuliah ga pada mau bolos",1
"kami mendukung n semoga ini terobosan terbaru yg inovatif semoga indonesia ke depan maju, sukses n mendapat rahmat dari Allah SWT.",1
Saya tunggu kebijakan 3 Semesternya pak Nadiem-  Salam dari mahasiswa i3L,1
seru nih,1
"Ini yg kita biasanya sebut keinginan, bukan sekedar menjabat. keinginan utk melakukan yg terbaik bagi bangsa, merubah utk kebaikan, berpikir di luar biasanya. mantap pak menteri. ",1
"Ini mas Nadiem ini, Mentri yg brilian",1
"Ya Tuhan semoga sehat selalu kalian semua, mari bangun masa depan bangsa kita!",1
Luar biasa. Komunikasikan kebijakan disampaikan dgn bahasa praktis. Smoga feodalisme bisa cair. Yg bertahan adalah mrk yg tanggap thd kebijakan baru ini.,1
"Sebagai calon mahasiswa tahun 2020, sangat sangat antusias buat memulai, keren.",1
"Doa para orang tua mahasiswa, semoga para orang tua di perguruan tinggi memahami arti sebuah perubahan guna menjawab tantangan anakÂ² kita di luar sana. Keluarlah dari jeratan zona nyaman. Semoga",1
"Kampus merdeka diharapkan membasmi mahasiswa &;kagetan&; , kaget dengan dunia kerja, situasi kerja dll",1
Luar biasa ..... tajam n terarah,1
Inovasi yg sangat sangat luar biasa. Sukses pak Mentri ku tercinta. Harus begitu,1
"luar biasa n cemerlang, masa depan Indonesia mulai terlihat",1
Ada maksud terselubung,0
"harus ada regulasi secara menyeluruh semua institusi di seluruh indonesia. Kataakanlah mhs yg dari PTS ingin belajar di PTN yg punya nama, belum tentu dapat diterima krn pertimbangan bbrp aspek n lainnya. belum yakin saya",0
Ini masih abstarck hanya buat motivasi saja. Sumpah ya analisanya keren banget. Karena melihat kondisi sekitar and kasus sebenenarnya. tp ingat terkadang kita butuh hidup yg gila untuk membentuk perubahan.,0
"belum yakin dengan pelaksanaannya, malah jadi \\tladang korup",0
"Rasa2nya kampus merdeka sulit dilaksanakan krn pelaku kampus sdh terbiasa mengerjakan rutinitas, bak birokrat layaknya pangrehpraja.. maaf2 saja...!",0
Argumen mahasiswa dari Kaltara merupakan salah satu permasalahan yg harus diperhatikan oleh Kemendibud saat ini. Pertanyaan mahasiswa tidak terjawab oleh Pak Menteri.,0
"jadikan kampus sebagai tempat belajar bukan tmpt untuk memprogramkan mahasiswa untuk menjadi sesuatu, tdk perlu ijasah cukup transkrip niainya saja,, n siapkan pendidikan profesinya,, yg membutuhkan itu. n jika org ingin menjadi guru maka cek aja transkripnya, mk memenuhi syarat profesi tdk, jadi mahasiswa punya alternatif lain.. jadikan kampus tmpt belajar bukan seperti skrng yakni, tmpt untuk memprogramkan mahasiswa untuk jadi seusatu,, n sosialisasi soal batas wilayah sopan santun, spya ad ruang diskusi, jgn sampai krna ketidaksopanan n sopan membuat org berhenti untuk berargumen,,",0
kebijakan ini hanya akan memperbudak mahasiswa,0
"banyak kurangnya dari kebijakan ini, belum layak\\n",0
masih ada tantangan tentang bagaimana kebijakan ini bisa teraplikasikan di seluruh indonesia atau cuman di tempat tempat tertentuğŸ‘ğŸ‘ğŸ‘,0
Klw Model Begini akan tidak ada jadi Ahli setiap bidangnya. hancur malah,0
"ga masuk akal, magang dimana dah? susah tau cari tempat magang tuh",0
Kebijakannya apalagi kok ruwet,0
harusnya dilakukan semester 678 akan merusak ouput hasil lulusannya Semoga bukan jurus mabok yg jadi kebijakan Kang Menteri n tolong tim FGD kang menteri diperbaiki biar ngak mabok lagi.,0
ingat output itu sangat dipengaruhi kualitas input n konsistensi proses  sekalipun memang aturan jgn sampai kaku n dibikin ribet. Kalau masalah akselerasi saya kira bergantung pada kemamampuan seseorang dalam kecepatan menguasai bahan ajar yg harus dicapainya.,0
aduh sepertinya sulit ya\\n\\n,0
selama ini menurut saya masih mengalami kendala n hambatan hasil kualitasnya jika dibandingkan negara lain terutama dalam hal produktivitas inovasi n menulis budaya  ilmiah.,0
"daripada magang di Jakarta, lebih baik bangun daerahnya! Kesempatan itu bukan selalu di Jakarta apalagi anda orang yg berpendidikan seharusnya membantu daerahnya.",0
"tidak semua prodi bisa magang pak, tolong dong kebijakannya dikritisi lagi",0
"memang tidak setuju, saya masih ragu ini akan jadi tempat korupsi",0
"saya cuman kasihan lulusan nya sedikit yg kerja layak n nganggur, program ini kan sebenarnya ditujukan buat lulusan kayak gitu,",0
"lah memang benar kan, coba lihat kurikulumnya, tak satupun yg melibatkan praktek nyata di masyarakat",0
"apalagi kalau jadi mahasiswa cuman kupu kupu alias, kuliah pulang kuliah pulang, bablas deh lulus gak bisa apa, ilmu belum tentu bisa, manajerial gak bisa, anak smk aja mungkin lebih terampil,",0
"masalah administrasi, bagaiamana pola pembayaran saat terjadi pertukaran, belajar di kampus lain atau magang di industri.. jgn muluk muluk dulu deh pak benerin sistem dulu dari pada buat kebijakan",0
Perusahaan terlalu terbebani hidupnya dikarenakan adanya magang tsbt,0
buat mabok ntar duitnya,0
transparan ga nih? tempat korupsi jgn jangan,0
Ladang korupsi yg luas,0
kapan politeknik diperhatikan??? ga adil,0
buruk sih n sulit menurut saya untuk dilaksanakan,0
makanya program ini bisa sebagai alternatif jikalau cita2 anda tidak terkabulkan (kecuali kalo anda bersikeras),0
"Mas mentri n Kemendikbud, tolong juga memperbaiki sistem administrasi kampus... Mau selesai saja susah.. terlalu banyak berkas n persyaratan yg harus kami selesaikan.",0
Ladang korupsi banget ini mah,0
"sebentar, pelaksanannya yakin akan lurus? dari ide aman, tp pelaksanannya percuma kalo duit dikorupsi. saya ga setuju, mending jgn terllau banyak konsep. kebijakan kebijakan mulu",0
omdo doang mas\\n,0
"pemerataan, kalo tidak ya mending ga usah deh nyusahin doang adanya",0
ketahuan deh penggiringan opini. jaring aspirasi dulu jgn asal,0
Mas mentri ini kebanyakan konsep aduh makin rumit jadinya\\n,0
Kok saya blm dapet ya jawaban mas mentri saat mba desi tanya irisan apa yg indonesia butuhkan saat ini,0
"Konsep pendidikan ala makarim itu adalah konsep khusus utk satu kepentingan, tdk menyeluruh kepada kebutuhan",0
"jangan dibuat rumit pak, susah lulus nih ah",0
maksudnya ngajar di 3 sekolah yg berbeda ? gila aja,0
"bakal rumit sih pak, rakyatnya yg belum siap sepertinya. percuma repot repot bikin kebijakan kalau gagal juga ujungnya",0
sulit n berat pelaksanannya,0
"plis lah ini akal akalan doang, coba ayo dikritisi jgn mudah tertipu dengan janji manis di depan",0
saya masih ragu sebenarnya,0
Chanel apaan ini coba ga guna tau kita semua tidak ngerti goblokkk\\n,0
"tolong jgn sibuk menata kebijakan, lihat kondisi lapangan",0
bagus di ide tetapi pelaksanannya belum yakin saya,0
"haduh, ribet rumit sulit. yg di daerah terpencil ini lho gimana pak?",0
"Tapi aku kurang setuju. Disini pak Nadiem seakan kurang memahami bahwa di Indonesia ada 2 sistem pendidikan tinggi. Dimana ada vokasi (biasanya politeknik, akademi, dsb) n juga ada akademik (universitas, sekolah tinggi, institut, dsb) jadi kalau mahasiswa mau magang, n lebih terampil, mereka tinggal pilih syistem pendidikan vokasi yg dimana selalu ada program magang yg diwajibkan oleh pendidikan yg menggunakan system vokasi. Bagi yg tidak mau, tinggal pilih system pendidikan akademi. Bagi yg belum tau bedanya vokasi n akademi, singkatnya vokasi itu banyak prakteknya kaya SMK, sedangkan akademi banyak teorinya kaya SMA.",0
"tolong jgn sibuk menata kebijakan, lihat kondisi lapangan",0
"terlalu tergesa n tidak maksimal, yg lain terlalu silau sama janji janjinya ",0
"tolong cek kondisi lapangan dulu deh pak, percuma kalo ga merata kan sekalipun kebijakan sudah dikemas sedemikian rupa",0
kasihan buat orang yg kurang mampu.\\n,0
Awas! Kalian mahasiswa hanya disiapkan untuk dijadikan buruh upah murah oleh negara,0
"pemerataan itu wajib, gue mikir akan gagal sama dengan kebijakan terdahulu. masalahnya masih di pemerataan",0
Banyak kampus yg gak jelas statusnya sekarang mungkin sebaiknya di perbaiki dulu kampus yg ada itu ğŸ˜Š,0
ketimbang magang haduh ngabisin tenaga kalo cuman jadi budak korporat,0
pusing ya makin ribet aja mau lulus ,0
percuma dibuat kebijakan tp manusianya masih bodoh semua,0
"Aduh pak mentri gk tau, semakin ribet proses semakin mendatangkan uang utk pejabat2 korup, kok dipermudah sih prosesnya",0
"makin rumit aja sih mas mentri, pusing gue",0
Doktrin mereka bahaya sekali\\n,0
pusing makin rumit aja makin ke sini\\n,0
rencana doang gak ada aksa sama aja,0
Banyak menjual kata kata mas... 100 hari kerja sudah melakukan apa mas.. pidato pidato pemberi harapan ya,0
Kampus Merdeka kalau stakeholdernya ngak merdeka akan menghasilkan manusia manusia yg merdeka semu.,0
masih ragu sih soalnya banyak yg kontra juga,0
Menteri WACANA kaya bosnya. Omdo mas,0
"perencanannya kurang matang, terlalu tergesa. masih ragu banget deh asli",0
"Akreditasi bidang kesehatan kenapa dikecualikan, bahkan harus bayar puluhan juta?",0
"aduh omdo banget, mana kenyataannya",0
merdeka semu ceritanya,0
Persoalan terbesar ada dikampus kampus di daerah. Bagaimana di fasilitasi mahasiswanya untuk bisa belajar 3 semester di laut bebas. Sepertinya kampus n dosennya akan  berdarah darah mengatasi dengan segala persoalannya.,0
"Kampus sengsara Mahasiswa merdeka. tolong jgn sibuk menata kebijakan, lihat kondisi lapangan",0
"Kacau.. mau diapakan lagi pendidikan indonesia ini. udah rumit, malah makin rumit",0
"kurang setuju, yakin akan terealisasi?",0
rumit rumit rumit pasti gagal2,0
"tolong jgn sibuk menata kebijakan, lihat kondisi lapangan. saya gak setuju!",0
"Dosen, ketua prodi, dekan, n rektor .. khawatirnya mereka spt mesin tua buku panduan jadul... hihihi",0
sdm nya belum mampu melaksanakan sepertinya,0
"saya kira ini akan tetap jadi borok di pendidikan indonesia, lagi lagi perkara pemerataan. rumit sih n saya firasat ini akan gagal",0
aduh pak\\n,0
aduh pak makin lama lulusnya,0
"yaelah apa lagi ya ini, makin pusing mau lulus",0
"jangan ambil pusing, segera cek kondisi lapangan saja pak. meresahkan",0
" pendanaan dikampus banyak kampus yg kekurangan fasilitas seperti Lab, Alat2 praktikum, n relasi baik dalam n luar Negeri itu belum merata",0
coba sesi diskusi dengan profesor ahli di bidang masing2 supaya kebijakan2 baru tsb di beri masukan2 soalnya Nadiem ini bukan lulusan pendidikan. gue ragu sih asli ini,0
"kebijakan yg nyata aja pak, dalam kondisi pandemi akan sulit ini dilaksanakan. jadi berasa mimpi doang",0
"omdo, ladang korupsi, ladang bisnis",0
Akan tetapi kalau kkn hingga setahun apa tidak malah memberatkan orang tua nya. Dalam segi keuangan???,0
"ragu pak, susah kayaknya kalo diterapkan di indo",0
"omdo lagi omdo lagi, lucunya negeriku wkwk",0
"capek kalo omdo, \\n",0
"pusing ya pak makin ke sini, ada aj kebijakan yg mempersulit n bikin rumit pendidikan\\n",0
"sabar, masih gagasan. kalo pelaksanannya ga becus aduh makin ancurr",0
berapa banyak uang lagi yg akan dihamburkan?,0
omong kosong\\n,0
"masih bingung, kok keknya belum tepat untuk diterapkan dalam waktu dekat. yg dipelosok juga diperhatikan ya pak",0
"ragu sih gue, kayak masih abu abu aja\\n",0
Kalo proses antrian akreditasi sering melampaui batas wsaktu.. akreditasi BAN saya pertanyakan..,0
"akan memakan berapa banyak uang lagi pak? sudah berapa orang yg korupsi saat ini, justru ini akan jadi ladang yg nikmat untuk koruptor",0
"antara omdo sama ladang korupsi, belum lagi pasti rumit pelaksanannya. perusahaan juga ga mau kali menyediakan banyak lowongan magang. uang dari mana",0
"kebijakan ini sulit diterapkan apa lagi di masa seperti ini, jatuhnya akan jadi omdo aja mas",0
terlalu lama pak durasi magangnya,0
jangan sampai Kampus2 Indonesia tercemar Virus2 Islam Radikal yg anti Pluralisme n kebinekaan,0
omdo korup\\n,0
sebenarnya implisit dari kebijakan ini apa sih? mengeruk dana negara apa gimana,0
"Kalo korupsi awas aja, program program kek gini manis di awal doang biasanya",0
"yang dikritisi itu kebijakannya, jgn silau sama sosoknya. plis gue masih belum setuju dengan ini",0
"merdeka apanya kuliah masih mahal, magang makin lagi, jadi budak doang",0
"perencanannya kurang sih, kok saya rasa rumit ya. magangnya terlalu lama juga ",0
bagaimana untuk pelaksanaannya? 100 hari menjadi menteri belum ada hasil apapun\\n,0
"untuk kedokteran gimana nih, gak adil banget masa",0
"berapa banyak uang lagi hanya untuk kebijakan coba coba seperti ini, mending diskusikan secara matang dulu deh. ancur malah kalo asal asalan",0
"pemerataan perlu diperhatikan pak, saya tidak terima kalau anak daerah tetap jadi hal yg jadi anak tiri nantinya. kebijakannya rumit n bagian pedalaman akan sulit menerima yg seperti ini. lokasi magang juga tentu sangat terbatas!",0
saya pesimis dengan program ini. antara ladang korup atau memang kebijakan yg akan omdo saja\\n,0
berapa banyak uang yg dikorup?,0
"sama saja outputnya tetap jauh dr iman n taqwa, tetap sekuler, tetap jd budak pro asing asing n tetap jd antek penguasa zalim..",0
Kpn diterapkan? seharusnya jgn terlalu lama pak jadinya omdo\\n,0
"urusan negara ga ada yg bener, urusan pendidikan juga. rumit deh",0
sudah muak dengan wacana\\n,0
capek ya omdo doang,0
plis pemerataan jgn PTN doang yg diperhatiin ğŸ™ğŸ™ğŸ™,0
"sulit pak buat diterapkan, SDM nya belum mumpuni n perlu ditingkatkan\\n",0
kurang matang pak sebenarnya,0
"tempat korupsi dijalankan, tunggu saja",0
jangan omdo terus dong :(,0
jangan omdo terus dong :(,0
"sedih kalau omdo begini, wujud nyatanya belum ada. apakah hanya akan jadi sasaran empuk koruptor?",0
korupsi terus jadi sekarat haha lucu sekali negeriku,0
apakah pemerintah peduli terhadap Anak indonesia yg ingin sekolah tp kendala biaya..... jgn omdo terus dong :(,0
"baru menyimpulkan awal, dilanjutkan dg studi kecil didunia nyata.  jgn omdo terus dong :(",0
"jangan sembrono ya pak kalo menerapkan kebijakan apapun, awas",0
"sebenarnya sedikit bingung ya, siapa yg akan diuntungkan. omdo pula",0
Ditendang tanpa ada pembuktian. Mohon keadilan Pak maz Mentri,0
apa lagi nih?,0
tolong dikritisi jgn terpengaruh sama janji. saya sangat pesimis dengan kebijakan ini,0
"Tolong dikawal betul jgn sampai cuma jadi ladang korupsi, males banget dah",0
males deh kalo cuma jadi korupsi,0
Saya mengapresiasi terobosan terobosan Pak Mendikbud,0
jangan omdo terus dong :(,0
KEMENDIKBUD RI tolong lirik sebentar saja masalah yg di hadapi mahasiswa UKI Paulus Makassar saat ini.,0
sulit ya pak. kondisi negara kita bagaimana sedangkan kebijakannya terlalu jauh. rakyat belum mampu,0
omdo,0
omdo hanya akan membuat sengsara. pesimis banget asli,0
jangan sampai jadi wadah korupsi nih,0
korupsi lagi nih bau bau,0
hayo objek baru buat para koruptor,0
berangkat,0
kebijakan ga jelas lagi,0
jangan omdo terus dong :(,0
"untuk apa? jgn muluk muluk, benerin sistem dulu",0
"hanya akan jadi wacana. pak mentri tolong kurangi omdo begini, bikin resah",0
"tebar janji terus, wacana, omdo",0
kasihan banget yg termakan omdo seperti ini,0
haha omdo doang,0
Kadrun tidak suka,0
tolong dong kita punya d1 d2 d3 d4 juga jadi perhatian. n pts yg abal abal tolong juga di benerin...,0
"PTS abal-abal dibubarkan saja, ditutup, n pendirinya jgn diberikan kesempatan lagi di lain waktu untuk membuka PTS baru, alias diblok.",0
hmm kerjasama pihak ke-3... Gojek termasuk? yaelah,0
Kalo omdo udah deh males,0
males bikin pusing doang,0
Kalo omdo udah deh males,0
korupsi lagi nih bau bau,0
kita lihat ke depan... sy tahu byk sekali guru besar yg kontra thd beliau.,0
di lapangan sebenarnya banyak yg kontra,0
kebijakan ngaco,0
"aduh kacau, makin gila pendidikan indo",0
"klo demikian hrsnya ditutup prodiÂ² penghasil pengangguran artinya sudah jenuh, buka prodi dg tk kebutuhan yg tinggi di pasar kerja spt Diploma / S1 terapan yg lsg dipersiapkan utk kerja buka S1 tp dipaksa ke arah vokasi.",0
"Pakkk,  kmi ank ksehatan juga ingin bebas ğŸ˜¢ğŸ˜¥",0
Kalo omdo udah deh males,0
Kalo omdo udah deh males,0
jangan muluk muluk dulu,0
jangan jauh2 dulu mending bikin kebijakan tentang skripsi,0
Kalo omdo udah deh males,0
Kalo omdo udah deh males,0
"Jika waktu kkn akan ditambah, maka biaya yg akan dikeluarkan mhs akan bertambah jg.  Kkn yg 2 bulan saja bisa ngabisin biaya puluhan juta, itu diluar dr spp. Lalu bagaimana solusinya ? Sementara program2 yg dibiaya oleh kampus (seperti proyek dosen  pemerinth) sedikit sekali dibanding dgn mhs  yg kkn biasa. menyulitkan jatuhnya",0
aduh uang lagi,0
Kalo omdo udah deh males,0
DPR masih sering ngancam2; kemarin di rdp anggaran kemendikbud sebagian akan tidak disetujui apabila mas menteri neko2,0
Kalo omdo udah deh males,0
omdo lagi? mana buktinya,0
"jangan muluk2, yg kek gini biasanya ga terlaksana. modal omdo doang",0
"kebijakan yg terlalu sempurna, di belakang banyak boroknya. korupsi misalnya",0
"saya belum yakin. ga setuju. riset dulu yg bener, daripada gagal malu2in",0
kapan dilaksanakan? kelamaan sama aja omdo,0
"kampus merdeka, mahasiswanya merdeka tidak? banyak yg ga bisa meneruskan kuliah krn terhimpit biaya. pikirkan juga dong",0
program ladang korupsi hahahah,0
omdo lagi? mana buktinya,0
omdo lagi? mana buktinya,0
ragu gue,0
"budak korporat, selamat datang",0
kebijakan apa ini kok makin rumit,0
budak magang silakan gabung hahha,0
omdo lagi? mana buktinya,0
"aduh 3 semester, lama bener",0
Mau magang dimana bos org perusahaan sudah tak sanggup menerima tenaga kerja,0
hadeehh..,0
"gimana ya, ragu masih",0
resah,0
sdm nya masih nol. gagal deh ini udah ngabisin biaya banyak malah gagal,0
"rasakan magang 3 semester, mampus",0
aduh pusing,0
apa lagi ini? jgn bikin lama lulus ah males,0
magang dibayar ga nih? kalo ngga ya podo ae haha,0
omdo lagi? mana buktinya,0
wadah korupsi yg cukup ditutupi,0
Kemendikbud ngurusin mahasiswa? sd sampai sma dibenerin dulu ya,0
magang lama kalau dibayar si gpp. tp kalau pakai biaya sendiri menurut sy gk efisien. Tdk semua jurusan bisa magang di tempat yg dekat ataau setidaknya dibayar,0
"ragu pak, banyak korupsi",0
cuman gak bisa bayangin ğŸ™„,0
"Anak fkip denger ini langsung kepikiran berapa banyak uang yg harus mereka keluarkan dengan magang tiga semester :&;)Ada beberapa yg protes, apa gunanya magang tiga semester tp ga digaji.",0
kebijakan yg mempersulit n bikin sengsara mahasiswa ya ini,0
"Mau magang selamanya Pun, kalau ketersediaan lapangan pekerjaan terbatas sama saja bohong",0
mendingan balik aja lu ke gojek,0
Itu magang 3 semester tetep bayar kuliah? bangkrut saya,0
mahasiswanya yg bangkrut sih kelamaan magang haha,0
Wah bakal lebih akrab sama tukang gorengan n mesin fotokopi nih,0
Apa apaan Ini ...,0
omdo lagi? mana buktinya,0
"3 SEMESTER?? HAHAHAHAAAA ..... Pelatihannya yg kerja, senior santai dia yg di gaji.. GW GA SETUJU",0
gue ga setuju,0
percuma magang 3 semester tp ga ada perusahaan yg nerima haha,0
Magangnya dimana ya? tau sendiri susahnya cari tempat magang. menangis,0
"ga usah ribet, Bikin skripsi aja dipermudah pak",0
"tunggu, saya sbg salah satu mahasiswa di kota surabaya sih gak masalah.. bagaimana untuk anak daerah? akan kesulitan untuk magang",0
omdo lagi? mana buktinya,0
Biasanya pemikiran Radikal model gini bnyk ditentang kalangan kolot yg didominasi aki2 yg gk ngerti perkembangan zaman,0
"Menurut saya dosen dosen juga harus dibimbing agar dapat mengikuti n menyukseskan program ini, kalo mereka belum bisa ya sama aja. gagal pasti program ini pak",0
omdo lagi? mana buktinya. asal digaji gapapa,0
Di kampus kami magang dihapuskan pak percuma,0
Tapi masalahnya tempat mana yg mau menerima anak magang sampe 3 semester? :( rata rata magang 3 sampai 6 bulanan itu udah termasuk lama banget :(,0
"Kasian yg belum kerja saingannya bukan hanya sesama pelamar kerja tp sekarang ditambah sama anak magang alhasil perusahaan lebih memilih anak magang karena biayanya lebih rendah, alhasil Indonesia kekurangan lapangan kerja, sekarang aja lapangan kerja masih sedikit menurut saya kurang efektif untuk pelamar kerja yg blum kerja karena saingan mereka semakin banyak.....",0
Gak bisa kuliah sambil kerja lagi dong kasian yg karyawan,0
"percuma sih pak, manusia nya belum siap",0
"kampus belum siap, hasilnya akan nol. percuma",0
Jangan. Magang 1 semester aja sudah membosankan apalagi 3 semester. Mending kerja aja ga usah magang,0
"kampus belum siap, hasilnya akan nol. percuma",0
"kampus belum siap, hasilnya akan nol. percuma",0
generasi kagetan mana bisa,0
MATAMU,0
"kampus belum siap, hasilnya akan nol. percuma",0
ragu sih sebenernya,0
Kurang tepat kalau dibilang magang 3 semester.,0
"kampus belum siap, hasilnya akan nol. percuma",0
Ukt 3 semester gimana pak? bangkrut dong,0
"Masalahnya kampus banyak, tmpat magang dikit",0
"Mau magang berapa bulan pun gak ada pengaruhnya bagi jaminan kerja. Tuh magang cuma disuruh bersih bersih n stempel berkas apaan tuh,,, gak kembangkan keahlian. Malah enak perusahaan yg gaji rendah anak magang lama kerjanya dikit bahkan gratis upah hahahahahahahhaha",0
tempat magang nya dikit pak aduh,0
"kampus belum siap, hasilnya akan nol. percuma",0
tidak pantas,0
"kampus belum siap, hasilnya akan nol. percuma",0
SMK gue magang 2 semester.... Ambyar bray.. Wkwkwk,0
Magang bayarnya lebih mahal mas menteri dari pada perkuliahan di kelas n lab.,0
"kampus belum siap, hasilnya akan nol. percuma",0
Iya. Krn magang tuh cuma d suruh2 hal2 remeh doang. Fotocopi selama 3 semester. Bukan tambah pintar tambah dodol. apalagi klw pegawainya jg malas buat kasi kerjaan yg bener2 kita butuhkan,0
"3 semester disuruh2, biasanya sih disuruh fotokopi ama beli mkan siang wkwk. Kagak digaji lg 3 semester",0
Kalo ga digaji 3 semester mah berat tuh bro wkwk,0
"Udah gak digaji, eh pas perpisahan dimintai kenang kenangan lagi sama instansi orang2 di tempat magang, pait bro",0
"Ga ngerti dah, mahasiswa di desain jadi pekerja? Atau jadi profesional? Buat apa ada vokasi/ politeknik?",0
Klo emg mau 3 semester digaji dong pak:( ğŸ¤£,0
Tapi yg menjadi kendala yg kuliah bukan hanya 100 orang saja. tp melebihi dari itu. n tempat2 magang diperusahaan itu tidak semudah yg dibayangkan. Belum lagi mahasiswa yg ingin magang itu tidak sedikit jumlahnya.,0
Tidak tercapai tujuan dari magang yaitu untuk mengerti bagaimana pengaplikasian ilmu dalam pekerjaan.,0
Magang 3 smester tp harus digaji !!!,0
"kampus belum siap, hasilnya akan nol. percuma",0
Kerja rodi 3 semester,0
kalo ga digaji ga mu\\n,0
Program magang harus diawasi n diatur. jgn sampai mahasiswa magang 3 semester tp cuma jadi tukang fotokopi.,0
WkkwğŸ˜‚ gak ada tempat magang lagi,0
"kampus belum siap, hasilnya akan nol. percuma",0
Dan perusahaan yg terima magang juga harus betul tegas ke anak magangnya.,0
magang fotokopi,0
Namun harus tetap diingat bahwa untuk setiap kebijakan harus disertai dengan payung hukum n aturan yg jelas sebagai pengikat.,0
"Magang 1 bulan cari kerja susah karna kurang pengalaman, nasib mahasiswa skarang",0
"kampus belum siap, hasilnya akan nol. percuma\\n",0
Buat apa magang Buat apa magang Kalo melamar butuh ORANG DALEM,0
"Politeknik gimana, pemerataan dong pak\\n",0
"dia lupa ada Jurusan Lain yg Gak butuh Terapan, Contoh Sastra Indonesia, Sejarah, Sosiologi, dll\\n",0
"Mahasiswa skrg yg penting cepet lulus,  ngambil KKN yg deket n cepet, ngambil magang jg yg deket n cepet, dah lulus trs bingung mw ngapain.",0
apa lagi ya ini? pusing gue,0
"klo 3 bulan 6 bulan terlalu singkat hanya tau, tp belum paham betul\\n",0
magang 1 semester tanpa dibayar demi selembar sertifikat ğŸ¤£,0
perusahaan langsung bangkrut haha,0
ga setuju\\n,0
"hasil akan berbicara, biasanya kek begini bakal omdo aja",0
3 semester dapet gaji ? ogah kalo ga digaji. capek jadi budak,0
nyari tempat magang aje susah :v,0
"sudah biasa jadi budak, rodi tiap hari\\n",0
aduh,0
"makin susah mau lulus, nasib\\n",0
jaman kuliah dulu gua magang sambil kerja n ga dpt gaji .emang nasib..ğŸ˜„,0
"diliat jalan nggak, ngaruh nggak nya dulu. Sekalian buat diliat sistemnya seperti apa yg baik, apakah masih bayar spp atau gak dsb",0
"mahasiswa indonesia males males pak orangnya, percuma",0
"Baru beberapa minggu yg lalu selesai magang nih, jadi budak bro. gue kurang setuju sih program ini mengharuskan magang 3 smt huft",0
Saya sangat senang bila pak nadiem makarim menghapus SKRIPSI ketimbang menerapkan kebijakan ini omdo doang sukses kagak,0
gua magang aja seminggu 3 minggu libur wkkw apa yg bisa didapat coba?,0
Waduh pak gua udah terlanjur ambil cuti 2 smt tu gimana......ğŸ˜‘ğŸ˜‘ğŸ˜‘,0
"Tidak semua perusahaan menerima magang selama itu pak, kalo bisa sih ada kebijakan tersendiri nanti dikasih buat perusahaan n ++nya juga buat mahasiswa yg magang misal kaya uang jajanğŸ˜…",0
tapi indo masih jauh dah sepertinya. sulit mau nerapin sistem kompleks kek gini,0
Yaelah pak pak.. udah lulus saya\\n,0
"kampus belum siap, hasilnya akan nol. percuma",0
"mau ngapain sih, omdo doang\\n",0
Ga ngerti pak\\n,0
Soalnya kalau magang pun (untuk jurusan tertentu dimana magang di perusahaan) seringnya lebih banyak suruh fotokopi dari pada ilmu. Kami berat meninggalkan pekerjaan (untuk magang) karena bayar kuliah sendiri.,0
"Mungkin jika ini di terapkan akan ada plus minusnya. kebijakan ini perlu direncanakan lagi, kalau ga matang  hancur pak!",0
" jgn aneh2, kebijakan ini itu mending skripsi ini hapus dulu",0
"Oke kalo magang nya di bayar kalo sekedar magang mending kagak, kebanyak planning",0
"Tapi nyari tempat magang susah, anak magang juga belum tentu digaji, programnya dimatangkan dulu utk prodi prodi sosial atau eksakta",0
Wah mencium kenaikan biaya...,0
"kampus belum siap, hasilnya akan nol. percuma",0
Iya nasib nih apalagi yg kuliahnya gak ad magangnya kyk gw :(,0
"Tapi kalo magang kerjaannya beliin roko, buatin kopi, fotocopy berkas, ngescan, beliin cemilan, nyalin2 data. Kalo gitu2 aja selama 3 semester sih sama aja bohong. ",0
bagaimana pun skrng perusahaan tdk terlalu butuh pemagang,0
"program apa lagi sih, pendidikan membaik juga ngga. butuh sekian dekade itupun kalo rakyatnya mau bekerja sama haha",0
"Ini intinya industri di Indonesia sudah siap belum buat menerima mahasiswa magang. kalau seperti jepang, eropa, n us ok lah kalau Indonesia saya gak yakin",0
"kita pantau dulu, paling juga jadi wacana doang",0
"Sya sdh kerja hmpir 5 thun, kerja d 3 tmpt yg berbeda. Di 3 tmpt tmpt sya bkerja tsb sering ad mhsiswa mgang, namun pmbinaan trhdp mhsiswa tsb krg, ada mhsiswa yg sma skali g d beri tgs, ad yg cma d sruh fotokopi, ngnter srt n ad jg yg cma diem2an. Nah yg perlu d tekankan adalah kerjasama antra kmpus dg tmpt magang, agr tmpt mgang tsb mmbina mhsiswa dg baik, ilmunya d tmpt kerja tersampaikan.",0
"kebijakan keren, aksi nol",0
"pusing pak, makin rumit mau kuliah doang",0
Mau kuliah kok pake banyak program segala sih. belum lg keluar duit juga masihan. ekonomi indonesia belum sampe kesana pak,0
Semester besoknya mahasiswa udah gak kuliah keenakan magang wkwkwkw,0
"kampus belum siap, hasilnya akan nol. percuma",0
"kampus belum siap, hasilnya akan nol. percuma",0
perusahaan dapat pagawai gratis selama 18 bulan Kan lumayan tidak membayar pegawai uangnya bisa untuk jalan2 boss keluar negeri,0
Wkwkw magang kalo gak dibayar ya mending gak usah beratin mahasiswa malah jadinya,0
"Mahasiswa magang 3 semester dapet nilai, keluarannya apa untungnya? digaji juga kagak",0
kalo cuma sekedar nilai tp GK dapet reward yg mending gak usah,0
kalo ga digaji ogah,0
ragu sih sebenernya,0
"kampus belum siap, hasilnya akan nol. percuma",0
"Buset, prakteknya jadi tidak berlandaskan teori. ",0
"praktek tanpa didasari teori yg seimbang bakal praktek asal asalan, banyak salah karena ga paham yg dia kerjakan, ",0
"korupsi nih kayaknya, kebijakan besar begini ladang uang banget",0
"pusing pak, makin rumit mau kuliah doang",0
"mirip sistem jepang + eropa, sulit diterapkan di indo",0
"Knp ga ngambil politeknik aja kalo emang ga suka teori,",0
bingung sama kebijakannya,0
"lah, kan katanya ga suka teori ngapain ngambil S1, kalo mau praktek ambil sekolah vokasi/ diploma, ",0
"kampus belum siap, hasilnya akan nol. percuma",0
"Saya waktu kuliah, magangnya hanya 1 bulan cukup mempersulit. keseimbangan magang sama kuliah jadi keteteran",0
menginspirasi menjadi gembel ?,0
:v iye njir magang aja 1 bulan lebih dr itu muak kalo g dpt duit mah apalagi kadang fotokopi doang,0
"wkwk itu foto akibat dapat magang cuma satu bulan aj bro, gk dapat apa2 alhasil setelah wisuda menggeluti profesi sbg Gembel bro ğŸ˜…",0
"kampus belum siap, hasilnya akan nol. percuma",0
"sulit deh, makin pusing nih pak",0
ga digaji haha percuma,0
Yang gk setuju pasti yayasan univ swasta ğŸ˜“,0
menyimak n memantau. bau bau banyak celah korupsi nih. alibinya kebijakan pendidikan haha,0
Gilak aja magang 3 semester... dikira mahasiswa dikit kali ya.... ada ratusan ribu mahasiswa yg nunggu bergiliran untuk magang di sebuah perusahaan.... ğŸ˜…kacau dah,0
"Kalo ak krg sependapat sih, krn tekanan anak magang bakal beda sama karyawan ,",0
"kampus belum siap, hasilnya akan nol. percuma",0
nah itu.. n pertanyaannya... APA MAMPU PERUSAHAAN SEMACAM ITU? KALO MAMPU TENTU NGGAK ADA PENGANGGURAN LAGI,0
"kampus belum siap, hasilnya akan nol. percuma",0
"jangan terlalu lama pak, diperbudak aja jadinya",0
pada akhirnya pengangguran,0
"kampus belum siap, hasilnya akan nol. percuma",0
omdo doang nih,0
jadi bukan membuat kopi n beli rokok haha,0
Berat bung. Akan kekurangan instansi yg buat magang wk wkkk,0
Gak bisa semua jurusan yg bisa hanya jurusan yg mengarah ke ilmu terapan saja yg bisa ikut program ini,0
Jadi bikin kebijakannya jgn seolah disama ratakan gini pak...,0
Kampus pasti menolak.. kehilangan uang sks ğŸ˜‚,0
"kapan dijalankan pak? saya nunggu sampe kesel juga, awas nih omdo gue cubit",0
"kampus belum siap, hasilnya akan nol. percuma",0
"Ya spp nya di murahin kalo magang 3 semester. Kan 1,5 tahun nggak belajar di kampus.",0
Saya setuju tp kayaknya kelamaan ya kalau 3 sem,0
Kalau bisa menteri pendidikan ke daerah daerah terpencil... jgn bnyk teori kayak anies bisa bisa ente dipecat jokowi,0
Pendidikan di indonesia terlalu kaku dengan aturan... ini malah ditambahin aturan baru,0
masih belum berikan kepastian kualitas lulusannya n gaya kemamampuannya yg banci tidak gaya bebas yg penuh,0
SDM nya seimbang tidak pak? jgn asal sah sah ae,0
Ancurr,0
Perusahaan swasta tidak sanggup tampung semua mahasiswa magang.,0
"kalau magang digaji memberatkan perusahaan karena harus menerima selama 1,5 tahun dengan hitungan setiap semester nerima anak magang profesional juga",0
Masa gratis om,0
Apakah sistem merdeka ini cocok dgn keadaan siswa di negara yg terkenal santuy ini??? Misalnya dihapusnya UN membuat siswa makin santuy,0
Hancur dunia pendidikan,0
butuh pengawasan harus ada semacam capaian kompetensi buku log  biar tidak dianggap program ini main2,0
"kampus belum siap, hasilnya akan nol. percuma",0
Nah harus tetap diawasi,0
"karena selama ini mahasiswa seneng magang/ praktek karena cari senengnya/ santainya aja, tidak jelas dia magang cari apa, keahlian yg ingin dicapai apa, ",0
beberapa anak magang ga jelas mereka mau apa kami dari pegawai juga bingung mereka ga punya kemampuan yg spesifik,0
"kampus belum siap, hasilnya akan nol. percuma",0
Tolong sudah diperhitungkan dari akar rumput sehingga tidak menjadi program sesaat yg kemudian direvisi atau malah ga jadi,0
"Ini setengah pake sistem eropa, setengah lagi pake sistem timur. masih ragu indo bisa nerapin? saya masih ragu n kurang setuju",0
percuma ada kebijakan ini kalau skripsi tidak dihapus,0
jangan omdo aja,0
jangan omdo ya pak tolong,0
"gue kuliah sambil kerja, kalo ditambah magang ya mati saya",0
Beda mas setiap jurusan.  gw magang. 1 kali magang 6 bulan penuh tanpa nego.,0
"iya betul , ngga semua jurusan ada magangnya",0
"fungsinya magang buat apa si, jadi budak doang intinya",0
"kampus belum siap, hasilnya akan nol. percuma",0
pusing deh gua hahaha makin ribet aja aturan,0
ragu gue kalo indo bisa diatur,0
"Intinya biaya pendidikan harus gede , karena siswa indo lebih dari 60juta siswa itu biaya pendidikan harus gede minimal 1000 triliun tanpa dikorupsi",0
omdo n ladang korupsi adalah kata paling tepat,0
"walaupun itu pilihan, tp ini gak jelas prodi apa ?  kebijakan ga jelas n tidak matang",0
"Pernyataan Pak Menteri,  mahasiswa magang 3 semester (pilihan) itu ditujukan pada Mhsiswa Pendidikan Vokasi atau Mhsiswa Pendidikan Akademik ? pemerataan ya pak tolong",0
"kampus belum siap, hasilnya akan nol. percuma",0
"kebanyakan konsep, nol aksi",0
kebanyakan cerewet,0
makin ke sini makin ribet deh,0
"yang saya permasalahkan itu adalah cara pandang yg salah orang2 mengenai pendidikan tinggi, padahal itu merupakan gelar akademik, belum tentu berkompetensi pada pekerjaannya nantinya",0
"ya itu perlu ada kompetensi yg jelas baik teori maupun praktek, selama ini banyak univ membuka prodi baru tp lulusannya capaian komptensinya tidak jelas gimana mau bisa ada keahlian? Sebuah tugas akhir itu tetap mutlak harus ada, kalau gak kayak gitu dari mana tolak ukur orang bisa lulus kuliah?",0
"kampus belum siap, hasilnya akan nol. percuma",0
mampus lu makin lama lulus kaowkeoaekoawke,0
Khawatirnya mengincar gelar n minus karya,0
saya pernah rasakan sulitnya cari perusahaan yg mau terima saya magang tanpa bantuan orang dalam,0
Dimudahkan  buat prodi baru bukan berarti kualitasnya asal asalan karena jgn sampai kualitas pendidikan kita makin menurun akibat biaya mahal n inflasi pendidikan yg tinggi.,0
Kalo sama aja buat apa?,0
Asal digaji,0
"kampus belum siap, hasilnya akan nol. percuma",0
saya masih ragu mas nadiem,0
"trgntung kampus/ prodi kali yak banyak prodi yg g nerapin sistem magang. kalo dipaksa ada magang ya sulit, program nyusahin nih",0
"mirip sistem jerman, indo mah jauh. susah kalo mau diterapin kek gini pak.",0
jadi diterapin gak nih pak? omdo,0
"mirip sistem jerman, indo mah jauh. susah kalo mau diterapin kek gini pak.",0
walaupun nadiem terlihat luar biasa tp tetap harus ada kritik ğŸ˜Š objektif untuk mengkritisi,0
ayo dikritisi,0
Ya satu satu kali bikin programnya,0
"Masih banyak dosen yg males ngajar, seringnya Kuliah pengganti, yakin kebijakan ini akan berjalan? dipertimbangkan dulu deh",0
Tapi tidak semua perusahaan bisa menerima anak magang dengan tangan terbuka.,0
Iya sih. Klo perusahaan pada ga mau terus begimane. Haha,0
magang ga digaji sama aja,0
"Tidak semua anak magang digaji,",0
"jaring aspirasi yg pelosok juga dong pak, mana tau pendapat mereka. biar tau juga kebijakannya gimana",0
"Karena ketika baru magang, maka butuh di pelatihan layaknya karyawan baru. n karena pelatihan itu menghabiskan waktu, menjadikan pemilik perusahaan ataupun karyawan yg pelatih jadi enggan.",0
Iya gan ujung2 nya jadi orang2 disuruh2 sama senior,0
"mirip sistem jerman, indo mah jauh. susah kalo mau diterapin kek gini pak.",0
Tetapi saya rasa masih banyak faktor yg harus dipertimbangkan untuk hal itu.,0
sulit untuk diterapkan di indo,0
Kadang Mereka juga ga mau repot mikirin anak magang,0
"pengalaman ane nih nyari tempat magang tuh susah bgt, keliling sana sini banyak yg ga nerima mahasiswa magang, susah pokoknya, ",0
"Masalah akreditasi harus ada aturan yg jelas, bukan hanya masalah proses akreditasinya,. Namun masalah kebijakan2 lain yg kemudian mejadikan akreditasi sebagai acuan,. Contoh melamar pns harus dari prodi n kampus berakreditasi",0
"susah, balik lagi ke personal masing masing. percuma kebijakan kek gimana pun. yg menjalankan masing masing. manusia gagal bukan karena kuliahnya tp karena emang orangnya aja",0
"waduh seperti ini harusnya diterapkan dasar di SMA karena percuma juga kan. kalo udah salah jurusan misal, kuliah aja males apa lagi magang",0
"Kalau mau Merdeka Belajar, wadah pembelajaran juga harus Merdeka Bayar",0
"Anak kesehatan bersedih. Kenapa  kesehatan 3 smester tidak diganti dengan berhadapan langsung, sesuai prodi yg diambil",0
"jauhkan dosen n guru dari tugas yg administratif dong pak menteri,  ga ada yg ngajar. sama aja hahaha",0
"Assalamualaikum. sekali lagi maaf, sangat mudah mengucapkannya, namun sulit melaksanakannya. ",0
jangan kelamaan pak nanti jadi omdo,0
Bangsat !!!,0
"lama lama omdo, mirip sistem jerman, indo mah jauh. susah kalo mau diterapin kek gini pak.",0
"walaupun tidak orisinal ide pak menteri, saya pesimis dengan mental birokrasi skrg untuk mewujudkan itu.",0
Kapan dilaksananya kampus merdeka pak ? perencanannya lama masih hitung pembagian korupsinya ya?  saya pesimis dengan mental birokrasi skrg untuk mewujudkan itu.,0
saya pesimis dengan mental birokrasi skrg untuk mewujudkan itu.,0
"fungsinya magang buat apa si, jadi kacung doang intinya",0
saya pesimis dengan mental birokrasi skrg untuk mewujudkan itu.,0
ditunggu kebijakan nya buat politeknik/ vokasi mas mentri,0
saya pesimis dengan mental birokrasi skrg untuk mewujudkan itu.,0
ini apa lagi? pusing awak,0
"Ngomong perguruan tinggi tp ga sadar kalo indonesia dominan masyarakat kelas bawah,, ngebiayain pendidikan aja susah apalagi lanjut ke perguruan tinggi..",0
"aduh gak sanggup pak, kuliah aja pusing",0
Kuliah mahal bangke,0
saya pesimis dengan mental birokrasi skrg untuk mewujudkan itu.,0
"Namun, merdeka belajar harus diiringi dengan kemudahan perizinan birokrasi di perguruan tinggi. karena birokrasi yg saya masih terjadi di kampus saya masih sangat panjang n lama yg akhirnya menciptakan keterbatasan n kesulitan tersendiri untuk para mahasiswa. mohon ditinjau untuk birokrasi pada perguruan tinggi.  saya pesimis dengan mental birokrasi skrg untuk mewujudkan itu.",0
"pusing, belum tentu terlaksana udah gembargembor",0
aduh pak menteri,0
Kadrun ga setuju pak,0
"jangan dipersulit pak, kuliah aja udah mumet",0
Seluruh kegiatan yg berhubungan dgn DANA HARUS Pakai pembiayaan agar TRANSPARAN n utk Menghindari PRAKTEK KORUPSI dari Seluruh Jajaran KEMENTERIAN &;!!!,0
"sayangnya, dosen n rektornya produk tahon gajah, pola pikir mereka sudah tdk bisa mengimbangi kecepatan globalisasi... jadi.. pak menteri ibarat pengen terbang tinggi, tp sayap belum bisa mengimbangi..",0
"repot, sekalian ga usah kuliah aja. lulus langsung ikut pelatihan, beres kan.",0
"ditunggu aksi nyatanya, jgn rencana tok ga ada aksi. PERCUMA PAK. ",0
Kl gini mah gak ada merdeka nya sama sekali tp cm jd jongos kapitalisme yg ngandalin ijazah.  saya pesimis dengan mental birokrasi skrg untuk mewujudkan itu.,0
ga setuju sama kebijakannya. banyak yg hrs dipertimbangkan,0
"apa beda nya dengan PKL? program magang yg 3 semester tadi? kalo masih harus magang juga, saya kapan kuliahnya pak. rumit banget makin ke sini sistemnya",0
Ngomong apaan sih nih Makarim gak jelas banget dah.,0
manfaatin pembayaran digital untuk pembayaran :v melanggar etika menteri,0
"kuliah udah serumit sistem kerja deh, saya ga setuju",0
mau lulus ribet banget,0
"3 semester terjun lapangan itu gratis atau tetap bayar kuliah? kalo masih bayar, saya bangrut dong pak :(",0
Kampus Merdeka bisa diterapkan klo juga Merdeka Skripsi itu baru deh merdeka,0
ayo kawan kawal n kritisi gagasan merdeka ini,0
yg mengawasi kurikulum siapa? kan bisa aja perusahan2 itu cenderung mencari keuntungan buat perusahaannya..,0
ga yakin bakal terlaksana,0
"haha liat aja ntar ya, bau bau omdo",0
" mekanismenya belum jelas, dari poin pertama saja sudah timbul pertanyaan di fikiran saya. Ketika bapak menyampaikan, bisa saja univ membuka prodi baru tanpa mengikuti alur pembukaan prodi oleh kemendikbud seperti biasanya ",0
Sudah seratus hari kau jadi mentri belum ada wujudnya,0
saya pesimis dengan mental birokrasi skrg untuk mewujudkan itu.,0
bikin lama lulus nih,0
Percuma jadi Insinyur kalau ngga sanggup berinovasi!,0
"percuma kebijakan tp tdk didukung aksi, kebijakan kek gini nanti dulu mas nadiem kita betulkan dulu sistemnya aduh",0
Inovasi n Kreativitas Harusnya Menjadi Tuntutan Utama Pendidikan Zaman sekarang! bukan fokus ke magang atau apalah itu,0
Ada ya 37 yg tidak suka,0
Rektor nya setuju enga,0
Pada melongo... (sambil ada pula yg skeptis),0
Apakah fakultas kedokteran juga menerapkan kampus merdeka ? gak adil pak kalo kedokteran dijadikan anak tiri begini,0
"magang kelamaan bikin stres juga, perusahaan mana yg mau nerima juga haha",0
saya pesimis dengan mental birokrasi skrg untuk mewujudkan itu.,0
"Kalo cuma pak nadiem doang yg revolusioner tp yg di bawah2nya masih kolot ya bakal sama aja , mending dirombak total diisi oleh anak2 muda yg revolusioner jg , yg masih semangat ga gabut cm nunggu jam pulang di kantor",0
harus bagaimana n tempat magangnya juga susah,0
Kalo untuk yg kuliah sambil kerja gimana nih â€˜? ğŸ˜ meninggal dong kalo harus magang juga,0
"Klo negara mau, harusnya pendidikan ditegakkan dari wilayah terluar indonesia.. n alangkah bijaknya pak mentri meninjau wilayah2 terjauh indonesia agar tdk tertinggal...",0
sayang sekali belum ada pemerataan,0
Kampusnya banyak lapangan kerjanya dikit.... Memang lucu negeriku,0
saya pesimis dengan mental birokrasi skrg untuk mewujudkan itu.,0
Risetnya ga bisa asal. Harus kualitas terbaik. Hibahnya harus berkualitas,0